<!--
  ~ Licensed to the Apache Software Foundation (ASF) under one or more
  ~ contributor license agreements.  See the NOTICE file distributed with
  ~ this work for additional information regarding copyright ownership.
  ~ The ASF licenses this file to You under the Apache License, Version 2.0
  ~ (the "License"); you may not use this file except in compliance with
  ~ the License.  You may obtain a copy of the License at
  ~
  ~    http://www.apache.org/licenses/LICENSE-2.0
  ~
  ~ Unless required by applicable law or agreed to in writing, software
  ~ distributed under the License is distributed on an "AS IS" BASIS,
  ~ WITHOUT WARRANTIES OR CONDITIONS OF ANY KIND, either express or implied.
  ~ See the License for the specific language governing permissions and
  ~ limitations under the License.
  -->
<assembly>
    <id>src</id>

    <formats>
        <format>tar.gz</format>
        <format>zip</format>
    </formats>

    <includeBaseDirectory>true</includeBaseDirectory>
    <baseDirectory>apache-bahir-${version}-src</baseDirectory>

    <fileSets>
        <fileSet>
            <directory>..</directory>
            <outputDirectory></outputDirectory>
            <excludes>
                <exclude>**/.*</exclude>
                <exclude>**/.*/**</exclude>
                <exclude>**/*.log</exclude>
                <exclude>**/*.iml</exclude>
                <exclude>**/conf/*.properties</exclude>
                <exclude>**/conf/*.xml</exclude>
                <exclude>**/dependency-reduced-pom.xml</exclude>
                <exclude>**/scratch_space</exclude>
                <exclude>**/scratch_space/**/*</exclude>
                <exclude>**/target</exclude>
                <exclude>**/target/**/*</exclude>
                <exclude>**/temp</exclude>
                <exclude>**/temp/**/*</exclude>
            </excludes>
        </fileSet>
    </fileSets>

</assembly>
